use rpgdb;

-- areas --
insert into areas (id, nome, posicao) values (1, 'Gaesland', '84,19');
insert into areas (id, nome, posicao) values (2, 'Greatport', '56,20');
insert into areas (id, nome, posicao) values (3, 'Sharpbay', '54,25');
insert into areas (id, nome, posicao) values (4, 'hominiland', '36,24');
insert into areas (id, nome, posicao) values (5, 'Cullie', '50,50');
insert into areas (id, nome, posicao) values (6, 'Gayelord', '50,50');
insert into areas (id, nome, posicao) values (7, 'Siegfried', '50,50');
insert into areas (id, nome, posicao) values (8, 'Hallie', '50,50');
insert into areas (id, nome, posicao) values (9, 'Johannah', '50,50');
insert into areas (id, nome, posicao) values (10, 'Inglis', '50,50');

-- inimigos --
insert into inimigos (id, nome, tipo, PVbase, nivelbase, DF, DM, DN, DD, AF, AM, AN, AD, size, `drop`) values (1, 'Giant', 1, 200, 6, 50, 40, 50, 40, 70, 40, 50, 50, 3, '1');
insert into inimigos (id, nome, tipo, PVbase, nivelbase, DF, DM, DN, DD, AF, AM, AN, AD, size, `drop`) values (2, 'Human', 2, 140, 6, 40, 60, 40, 80, 50, 70, 20, 60, 2, '1');
insert into inimigos (id, nome, tipo, PVbase, nivelbase, DF, DM, DN, DD, AF, AM, AN, AD, size, `drop`) values (3, 'Lamia', 3, 150, 6, 70, 60, 60, 20, 70, 60, 60, 10, 3, '1');
insert into inimigos (id, nome, tipo, PVbase, nivelbase, DF, DM, DN, DD, AF, AM, AN, AD, size, `drop`) values (4, 'Malena', 3, 44, 17, 61, 82, 12, 45, 37, 51, 75, 62, 2, '1');
insert into inimigos (id, nome, tipo, PVbase, nivelbase, DF, DM, DN, DD, AF, AM, AN, AD, size, `drop`) values (5, 'Zonnya', 4, 53, 41, 58, 78, 5, 31, 11, 49, 72, 92, 2, '1');
insert into inimigos (id, nome, tipo, PVbase, nivelbase, DF, DM, DN, DD, AF, AM, AN, AD, size, `drop`) values (6, 'Nelle', 10, 6, 26, 36, 55, 28, 13, 72, 80, 12, 4, 2, '1');
insert into inimigos (id, nome, tipo, PVbase, nivelbase, DF, DM, DN, DD, AF, AM, AN, AD, size, `drop`) values (7, 'Daisey', 10, 38, 41, 51, 17, 94, 91, 5, 70, 31, 30, 2, '1');
insert into inimigos (id, nome, tipo, PVbase, nivelbase, DF, DM, DN, DD, AF, AM, AN, AD, size, `drop`) values (8, 'Kerrin', 4, 76, 41, 15, 88, 17, 10, 73, 19, 69, 19, 2, '1');
insert into inimigos (id, nome, tipo, PVbase, nivelbase, DF, DM, DN, DD, AF, AM, AN, AD, size, `drop`) values (9, 'Twyla', 1, 91, 45, 90, 19, 3, 36, 5, 97, 68, 46, 2, '1');
insert into inimigos (id, nome, tipo, PVbase, nivelbase, DF, DM, DN, DD, AF, AM, AN, AD, size, `drop`) values (10, 'Mano', 6, 41, 23, 32, 44, 5, 21, 86, 78, 78, 56, 2, '1');
insert into inimigos (id, nome, tipo, PVbase, nivelbase, DF, DM, DN, DD, AF, AM, AN, AD, size, `drop`) values (11, 'nop', 7, 77, 3, 24, 4, 1, 49, 6, 80, 28, 92, 2, '1');
insert into inimigos (id, nome, tipo, PVbase, nivelbase, DF, DM, DN, DD, AF, AM, AN, AD, size, `drop`) values (12, 'prrran', 1, 100, 26, 100, 60, 100, 40, 100, 10, 100, 10, 4, '1');
insert into inimigos (id, nome, tipo, PVbase, nivelbase, DF, DM, DN, DD, AF, AM, AN, AD, size, `drop`) values (13, 'Amber', 6, 79, 32, 7, 61, 15, 83, 90, 81, 83, 28, 2, '1');
insert into inimigos (id, nome, tipo, PVbase, nivelbase, DF, DM, DN, DD, AF, AM, AN, AD, size, `drop`) values (14, 'Roselia', 9, 86, 22, 44, 92, 12, 6, 19, 48, 68, 68, 2, '1');
insert into inimigos (id, nome, tipo, PVbase, nivelbase, DF, DM, DN, DD, AF, AM, AN, AD, size, `drop`) values (15, 'Wolfy', 7, 85, 44, 70, 93, 72, 91, 44, 96, 87, 58, 2, '1');
insert into inimigos (id, nome, tipo, PVbase, nivelbase, DF, DM, DN, DD, AF, AM, AN, AD, size, `drop`) values (16, 'Brand', 6, 78, 20, 59, 49, 87, 51, 15, 80, 45, 11, 2, '1');
insert into inimigos (id, nome, tipo, PVbase, nivelbase, DF, DM, DN, DD, AF, AM, AN, AD, size, `drop`) values (17, 'Griselda', 2, 57, 35, 8, 52, 54, 72, 59, 75, 1, 76, 2, '1');
insert into inimigos (id, nome, tipo, PVbase, nivelbase, DF, DM, DN, DD, AF, AM, AN, AD, size, `drop`) values (18, 'Kenon', 4, 2, 13, 16, 60, 28, 4, 28, 28, 9, 100, 2, '1');
insert into inimigos (id, nome, tipo, PVbase, nivelbase, DF, DM, DN, DD, AF, AM, AN, AD, size, `drop`) values (19, 'Shaun', 1, 50, 44, 55, 57, 33, 98, 76, 44, 63, 30, 2, '1');
insert into inimigos (id, nome, tipo, PVbase, nivelbase, DF, DM, DN, DD, AF, AM, AN, AD, size, `drop`) values (20, 'Karry', 7, 57, 16, 91, 71, 50, 50, 72, 85, 14, 21, 2, '1');
insert into inimigos (id, nome, tipo, PVbase, nivelbase, DF, DM, DN, DD, AF, AM, AN, AD, size, `drop`) values (21, 'Colan', 6, 64, 17, 55, 57, 71, 31, 35, 84, 4, 24, 2, '1');
insert into inimigos (id, nome, tipo, PVbase, nivelbase, DF, DM, DN, DD, AF, AM, AN, AD, size, `drop`) values (22, 'Chlo', 7, 7, 40, 98, 47, 94, 64, 32, 9, 96, 32, 2, '1');
insert into inimigos (id, nome, tipo, PVbase, nivelbase, DF, DM, DN, DD, AF, AM, AN, AD, size, `drop`) values (23, 'Zebulen', 1, 77, 40, 53, 2, 33, 52, 99, 4, 72, 52, 2, '1');
insert into inimigos (id, nome, tipo, PVbase, nivelbase, DF, DM, DN, DD, AF, AM, AN, AD, size, `drop`) values (24, 'Finn', 8, 43, 24, 56, 82, 17, 56, 83, 35, 97, 69, 2, '1');
insert into inimigos (id, nome, tipo, PVbase, nivelbase, DF, DM, DN, DD, AF, AM, AN, AD, size, `drop`) values (25, 'Flinn', 5, 13, 44, 4, 16, 39, 8, 27, 72, 23, 23, 2, '1');
insert into inimigos (id, nome, tipo, PVbase, nivelbase, DF, DM, DN, DD, AF, AM, AN, AD, size, `drop`) values (26, 'Theresa', 4, 44, 7, 46, 21, 21, 15, 68, 15, 84, 28, 2, '1');
insert into inimigos (id, nome, tipo, PVbase, nivelbase, DF, DM, DN, DD, AF, AM, AN, AD, size, `drop`) values (27, 'Base', 2, 75, 5, 49, 52, 26, 10, 81, 32, 62, 82, 2, '1');
insert into inimigos (id, nome, tipo, PVbase, nivelbase, DF, DM, DN, DD, AF, AM, AN, AD, size, `drop`) values (28, 'Albertina', 1, 57, 45, 16, 94, 58, 70, 17, 88, 63, 50, 2, '1');
insert into inimigos (id, nome, tipo, PVbase, nivelbase, DF, DM, DN, DD, AF, AM, AN, AD, size, `drop`) values (29, 'Greggory', 1, 72, 20, 59, 14, 35, 47, 64, 77, 18, 5, 2, '1');
insert into inimigos (id, nome, tipo, PVbase, nivelbase, DF, DM, DN, DD, AF, AM, AN, AD, size, `drop`) values (30, 'Hugh', 5, 6, 4, 69, 86, 13, 12, 64, 33, 26, 58, 2, '1');
insert into inimigos (id, nome, tipo, PVbase, nivelbase, DF, DM, DN, DD, AF, AM, AN, AD, size, `drop`) values (31, 'Waverley', 9, 5, 25, 70, 7, 51, 45, 41, 47, 53, 42, 2, '1');
insert into inimigos (id, nome, tipo, PVbase, nivelbase, DF, DM, DN, DD, AF, AM, AN, AD, size, `drop`) values (32, 'Tina', 4, 54, 24, 55, 92, 50, 30, 81, 68, 72, 87, 2, '1');
insert into inimigos (id, nome, tipo, PVbase, nivelbase, DF, DM, DN, DD, AF, AM, AN, AD, size, `drop`) values (33, 'Lorna', 2, 59, 36, 21, 1, 78, 68, 98, 98, 11, 89, 2, '1');
insert into inimigos (id, nome, tipo, PVbase, nivelbase, DF, DM, DN, DD, AF, AM, AN, AD, size, `drop`) values (34, 'Aland', 4, 56, 45, 45, 91, 32, 45, 19, 93, 2, 66, 2, '1');
insert into inimigos (id, nome, tipo, PVbase, nivelbase, DF, DM, DN, DD, AF, AM, AN, AD, size, `drop`) values (35, 'Barbabra', 9, 38, 13, 35, 61, 52, 48, 15, 90, 70, 18, 2, '1');
insert into inimigos (id, nome, tipo, PVbase, nivelbase, DF, DM, DN, DD, AF, AM, AN, AD, size, `drop`) values (36, 'Matti', 6, 31, 17, 30, 26, 30, 54, 89, 11, 12, 58, 2, '1');
insert into inimigos (id, nome, tipo, PVbase, nivelbase, DF, DM, DN, DD, AF, AM, AN, AD, size, `drop`) values (37, 'Dorey', 6, 79, 42, 63, 51, 6, 53, 9, 30, 28, 26, 2, '1');
insert into inimigos (id, nome, tipo, PVbase, nivelbase, DF, DM, DN, DD, AF, AM, AN, AD, size, `drop`) values (38, 'Pierrette', 3, 5, 29, 56, 49, 16, 57, 12, 63, 78, 72, 2, '1');
insert into inimigos (id, nome, tipo, PVbase, nivelbase, DF, DM, DN, DD, AF, AM, AN, AD, size, `drop`) values (39, 'Annabelle', 1, 68, 1, 69, 90, 24, 33, 63, 63, 27, 34, 2, '1');
insert into inimigos (id, nome, tipo, PVbase, nivelbase, DF, DM, DN, DD, AF, AM, AN, AD, size, `drop`) values (40, 'Tera', 1, 34, 13, 65, 62, 73, 86, 92, 18, 30, 51, 2, '1');
insert into inimigos (id, nome, tipo, PVbase, nivelbase, DF, DM, DN, DD, AF, AM, AN, AD, size, `drop`) values (41, 'Vyky', 10, 76, 42, 31, 83, 93, 81, 8, 64, 15, 78, 2, '1');
insert into inimigos (id, nome, tipo, PVbase, nivelbase, DF, DM, DN, DD, AF, AM, AN, AD, size, `drop`) values (42, 'Quincey', 8, 35, 34, 64, 4, 53, 49, 58, 56, 6, 38, 2, '1');
insert into inimigos (id, nome, tipo, PVbase, nivelbase, DF, DM, DN, DD, AF, AM, AN, AD, size, `drop`) values (43, 'Cissiee', 8, 30, 22, 18, 4, 88, 34, 75, 86, 61, 55, 2, '1');
insert into inimigos (id, nome, tipo, PVbase, nivelbase, DF, DM, DN, DD, AF, AM, AN, AD, size, `drop`) values (44, 'Hope', 4, 13, 3, 100, 19, 74, 2, 45, 35, 16, 82, 2, '1');
insert into inimigos (id, nome, tipo, PVbase, nivelbase, DF, DM, DN, DD, AF, AM, AN, AD, size, `drop`) values (45, 'Allegra', 4, 71, 15, 95, 41, 84, 40, 65, 57, 84, 64, 2, '1');
insert into inimigos (id, nome, tipo, PVbase, nivelbase, DF, DM, DN, DD, AF, AM, AN, AD, size, `drop`) values (46, 'Damian', 10, 94, 24, 26, 92, 100, 90, 37, 76, 80, 38, 2, '1');
insert into inimigos (id, nome, tipo, PVbase, nivelbase, DF, DM, DN, DD, AF, AM, AN, AD, size, `drop`) values (47, 'Wendye', 3, 40, 46, 70, 96, 21, 67, 19, 1, 92, 5, 2, '1');
insert into inimigos (id, nome, tipo, PVbase, nivelbase, DF, DM, DN, DD, AF, AM, AN, AD, size, `drop`) values (48, 'Othello', 9, 41, 34, 89, 34, 34, 90, 38, 23, 39, 35, 2, '1');
insert into inimigos (id, nome, tipo, PVbase, nivelbase, DF, DM, DN, DD, AF, AM, AN, AD, size, `drop`) values (49, 'Patrizio', 5, 100, 23, 79, 6, 96, 76, 78, 34, 93, 84, 2, '1');
insert into inimigos (id, nome, tipo, PVbase, nivelbase, DF, DM, DN, DD, AF, AM, AN, AD, size, `drop`) values (50, 'Leann', 3, 71, 33, 65, 22, 6, 90, 89, 26, 76, 30, 2, '1');

-- inimigos-areas --
insert into `inimigos-areas` (inimigos_id, areas_id) values (1, 1);
insert into `inimigos-areas` (inimigos_id, areas_id) values (1, 2);
insert into `inimigos-areas` (inimigos_id, areas_id) values (2, 1);
insert into `inimigos-areas` (inimigos_id, areas_id) values (2, 2);
insert into `inimigos-areas` (inimigos_id, areas_id) values (2, 3);
insert into `inimigos-areas` (inimigos_id, areas_id) values (2, 4);
insert into `inimigos-areas` (inimigos_id, areas_id) values (3, 2);
insert into `inimigos-areas` (inimigos_id, areas_id) values (12, 1);
insert into `inimigos-areas` (inimigos_id, areas_id) values (9, 6);
insert into `inimigos-areas` (inimigos_id, areas_id) values (10, 2);
insert into `inimigos-areas` (inimigos_id, areas_id) values (11, 2);
insert into `inimigos-areas` (inimigos_id, areas_id) values (12, 7);
insert into `inimigos-areas` (inimigos_id, areas_id) values (13, 3);
insert into `inimigos-areas` (inimigos_id, areas_id) values (14, 5);
insert into `inimigos-areas` (inimigos_id, areas_id) values (15, 4);
insert into `inimigos-areas` (inimigos_id, areas_id) values (16, 3);
insert into `inimigos-areas` (inimigos_id, areas_id) values (17, 7);
insert into `inimigos-areas` (inimigos_id, areas_id) values (18, 6);
insert into `inimigos-areas` (inimigos_id, areas_id) values (19, 2);
insert into `inimigos-areas` (inimigos_id, areas_id) values (20, 3);
insert into `inimigos-areas` (inimigos_id, areas_id) values (21, 6);
insert into `inimigos-areas` (inimigos_id, areas_id) values (22, 4);
insert into `inimigos-areas` (inimigos_id, areas_id) values (23, 4);
insert into `inimigos-areas` (inimigos_id, areas_id) values (24, 3);
insert into `inimigos-areas` (inimigos_id, areas_id) values (25, 2);
insert into `inimigos-areas` (inimigos_id, areas_id) values (26, 6);
insert into `inimigos-areas` (inimigos_id, areas_id) values (27, 3);
insert into `inimigos-areas` (inimigos_id, areas_id) values (28, 7);
insert into `inimigos-areas` (inimigos_id, areas_id) values (29, 5);
insert into `inimigos-areas` (inimigos_id, areas_id) values (30, 7);
insert into `inimigos-areas` (inimigos_id, areas_id) values (31, 3);
insert into `inimigos-areas` (inimigos_id, areas_id) values (32, 10);
insert into `inimigos-areas` (inimigos_id, areas_id) values (33, 2);
insert into `inimigos-areas` (inimigos_id, areas_id) values (34, 8);
insert into `inimigos-areas` (inimigos_id, areas_id) values (35, 9);
insert into `inimigos-areas` (inimigos_id, areas_id) values (36, 8);
insert into `inimigos-areas` (inimigos_id, areas_id) values (37, 5);
insert into `inimigos-areas` (inimigos_id, areas_id) values (38, 4);
insert into `inimigos-areas` (inimigos_id, areas_id) values (39, 6);
insert into `inimigos-areas` (inimigos_id, areas_id) values (40, 7);
insert into `inimigos-areas` (inimigos_id, areas_id) values (41, 7);
insert into `inimigos-areas` (inimigos_id, areas_id) values (42, 9);
insert into `inimigos-areas` (inimigos_id, areas_id) values (43, 10);
insert into `inimigos-areas` (inimigos_id, areas_id) values (44, 2);
insert into `inimigos-areas` (inimigos_id, areas_id) values (45, 7);
insert into `inimigos-areas` (inimigos_id, areas_id) values (46, 6);
insert into `inimigos-areas` (inimigos_id, areas_id) values (47, 10);
insert into `inimigos-areas` (inimigos_id, areas_id) values (48, 7);
insert into `inimigos-areas` (inimigos_id, areas_id) values (49, 5);
insert into `inimigos-areas` (inimigos_id, areas_id) values (50, 7);

-- ataques --
insert into ataques (id, nome, tipo, sucesso, danobase) values (1, 'Soco', 1, 5, 20);
insert into ataques (id, nome, tipo, sucesso, danobase) values (2, 'corte', 2, 6, 40);
insert into ataques (id, nome, tipo, sucesso, danobase) values (3, 'explosion', 5, 8, 50);
insert into ataques (id, nome, tipo, sucesso, danobase) values (4, 'faíscas', 7, 5, 20);
insert into ataques (id, nome, tipo, sucesso, danobase) values (5, 'jato-venenoso', 8, 10, 40);
insert into ataques (id, nome, tipo, sucesso, danobase) values (6, 'Preçe', 9, 6, 40);
insert into ataques (id, nome, tipo, sucesso, danobase) values (7, 'service-desk', 10, 10, 27);
insert into ataques (id, nome, tipo, sucesso, danobase) values (8, 'holistic', 10, 2, 57);
insert into ataques (id, nome, tipo, sucesso, danobase) values (9, 'Persevering', 8, 9, 46);
insert into ataques (id, nome, tipo, sucesso, danobase) values (10, 'hierarchy', 3, 7, 76);
insert into ataques (id, nome, tipo, sucesso, danobase) values (11, 'challenge', 4, 20, 66);
insert into ataques (id, nome, tipo, sucesso, danobase) values (12, 'budgetary management', 6, 17, 95);
insert into ataques (id, nome, tipo, sucesso, danobase) values (13, 'firmware', 10, 9, 37);
insert into ataques (id, nome, tipo, sucesso, danobase) values (14, 'Expanded', 6, 4, 29);
insert into ataques (id, nome, tipo, sucesso, danobase) values (15, 'Sharable', 4, 18, 53);
insert into ataques (id, nome, tipo, sucesso, danobase) values (16, 'Exclusive', 9, 8, 54);
insert into ataques (id, nome, tipo, sucesso, danobase) values (17, 'contextually-based', 5, 17, 16);
insert into ataques (id, nome, tipo, sucesso, danobase) values (18, 'Configurable', 10, 19, 65);
insert into ataques (id, nome, tipo, sucesso, danobase) values (19, 'Compatible', 1, 16, 14);
insert into ataques (id, nome, tipo, sucesso, danobase) values (20, 'orchestration', 2, 2, 60);
insert into ataques (id, nome, tipo, sucesso, danobase) values (21, 'Seamless', 7, 15, 80);
insert into ataques (id, nome, tipo, sucesso, danobase) values (22, 'Configurable', 3, 18, 35);
insert into ataques (id, nome, tipo, sucesso, danobase) values (23, 'non-volatile', 1, 17, 24);
insert into ataques (id, nome, tipo, sucesso, danobase) values (24, 'incremental', 1, 11, 41);
insert into ataques (id, nome, tipo, sucesso, danobase) values (25, 'Virtual', 1, 7, 21);
insert into ataques (id, nome, tipo, sucesso, danobase) values (26, 'installation', 9, 3, 24);
insert into ataques (id, nome, tipo, sucesso, danobase) values (27, 'Persevering', 9, 10, 30);
insert into ataques (id, nome, tipo, sucesso, danobase) values (28, 'Progressive', 3, 10, 99);
insert into ataques (id, nome, tipo, sucesso, danobase) values (29, 'architecture', 10, 13, 67);
insert into ataques (id, nome, tipo, sucesso, danobase) values (30, 'content-based', 5, 15, 82);
insert into ataques (id, nome, tipo, sucesso, danobase) values (31, 'Cloned', 2, 18, 98);
insert into ataques (id, nome, tipo, sucesso, danobase) values (32, 'throughput', 3, 7, 32);
insert into ataques (id, nome, tipo, sucesso, danobase) values (33, 'Managed', 1, 20, 23);
insert into ataques (id, nome, tipo, sucesso, danobase) values (34, 'zero tolerance', 10, 5, 100);
insert into ataques (id, nome, tipo, sucesso, danobase) values (35, 'Down-sized', 5, 10, 72);
insert into ataques (id, nome, tipo, sucesso, danobase) values (36, 'data-warehouse', 9, 12, 67);
insert into ataques (id, nome, tipo, sucesso, danobase) values (37, 'groupware', 4, 5, 37);
insert into ataques (id, nome, tipo, sucesso, danobase) values (38, 'demand-driven', 3, 9, 95);
insert into ataques (id, nome, tipo, sucesso, danobase) values (39, 'Right-sized', 6, 1, 62);
insert into ataques (id, nome, tipo, sucesso, danobase) values (40, '6th generation', 6, 11, 89);
insert into ataques (id, nome, tipo, sucesso, danobase) values (41, 'Ameliorated', 7, 7, 19);
insert into ataques (id, nome, tipo, sucesso, danobase) values (42, 'Synchronised', 9, 20, 85);
insert into ataques (id, nome, tipo, sucesso, danobase) values (43, 'policy', 4, 1, 38);
insert into ataques (id, nome, tipo, sucesso, danobase) values (44, 'open system', 2, 19, 54);
insert into ataques (id, nome, tipo, sucesso, danobase) values (45, 'Grass-roots', 4, 17, 95);
insert into ataques (id, nome, tipo, sucesso, danobase) values (46, 'Versatile', 3, 16, 39);
insert into ataques (id, nome, tipo, sucesso, danobase) values (47, 'leading edge', 7, 15, 87);
insert into ataques (id, nome, tipo, sucesso, danobase) values (48, 'radical', 4, 16, 47);
insert into ataques (id, nome, tipo, sucesso, danobase) values (49, 'Self-enabling', 4, 13, 17);
insert into ataques (id, nome, tipo, sucesso, danobase) values (50, 'migration', 5, 4, 23);

-- mochilas --
insert into mochila (id, nome, espaço, items) values (1, 'Camila', 63, '2');
insert into mochila (id, nome, espaço, items) values (2, 'Berty', 13, '3');
insert into mochila (id, nome, espaço, items) values (3, 'Corrine', 54, '10');
insert into mochila (id, nome, espaço, items) values (4, 'Chrysler', 52, '5');
insert into mochila (id, nome, espaço, items) values (5, 'Chrysler', 52, '5');
insert into mochila (id, nome, espaço, items) values (6, 'Chrysler', 52, '5');
insert into mochila (id, nome, espaço, items) values (7, 'Chrysler', 52, '5');
insert into mochila (id, nome, espaço, items) values (8, 'Chrysler', 52, '5');
insert into mochila (id, nome, espaço, items) values (9, 'Chrysler', 52, '5');
insert into mochila (id, nome, espaço, items) values (10, 'Chrysler', 52, '5');
insert into mochila (id, nome, espaço, items) values (11, 'Chrysler', 52, '5');
insert into mochila (id, nome, espaço, items) values (12, 'Chrysler', 52, '5');

-- aliados --
insert into aliados (id, apelido, tipo, PV, nivel, DF, DM, DN, DD, AF, AM, AN, AD, ataque1, ataque2, ataque3, ataque4, ataque5, ataque6, mochila) values (1, 'Caer', 1, 160, 10, 60, 75, 20, 60, 80, 60, 40, 40, 1, 2, 3, 4, 5, 6, 1);
insert into aliados (id, apelido, tipo, PV, nivel, DF, DM, DN, DD, AF, AM, AN, AD, ataque1, ataque2, ataque3, ataque4, ataque5, ataque6, mochila) values (2, 'Warden', 2, 80, 14, 28, 23, 31, 40, 62, 44, 88, 18, 9, 42, 9, 8, 33, 50, 2);
insert into aliados (id, apelido, tipo, PV, nivel, DF, DM, DN, DD, AF, AM, AN, AD, ataque1, ataque2, ataque3, ataque4, ataque5, ataque6, mochila) values (3, 'Heywood', 7, 16, 42, 23, 84, 98, 59, 73, 93, 98, 84, 25, 22, 18, 49, 22, 17, 3);
insert into aliados (id, apelido, tipo, PV, nivel, DF, DM, DN, DD, AF, AM, AN, AD, ataque1, ataque2, ataque3, ataque4, ataque5, ataque6, mochila) values (4, 'Tory', 1, 43, 39, 46, 27, 21, 27, 99, 17, 8, 77, 32, 32, 10, 40, 46, 44, 4);
insert into aliados (id, apelido, tipo, PV, nivel, DF, DM, DN, DD, AF, AM, AN, AD, ataque1, ataque2, ataque3, ataque4, ataque5, ataque6, mochila) values (5, 'Debera', 2, 35, 19, 49, 20, 6, 71, 26, 61, 63, 33, 29, 3, 26, 32, 11, 15, 5);
insert into aliados (id, apelido, tipo, PV, nivel, DF, DM, DN, DD, AF, AM, AN, AD, ataque1, ataque2, ataque3, ataque4, ataque5, ataque6, mochila) values (6, 'Kira', 7, 87, 14, 16, 5, 100, 14, 4, 5, 48, 79, 30, 25, 41, 41, 47, 10, 6);
insert into aliados (id, apelido, tipo, PV, nivel, DF, DM, DN, DD, AF, AM, AN, AD, ataque1, ataque2, ataque3, ataque4, ataque5, ataque6, mochila) values (7, 'Banky', 5, 1, 8, 60, 25, 56, 50, 33, 98, 14, 23, 38, 22, 46, 31, 19, 28, 7);
insert into aliados (id, apelido, tipo, PV, nivel, DF, DM, DN, DD, AF, AM, AN, AD, ataque1, ataque2, ataque3, ataque4, ataque5, ataque6, mochila) values (8, 'Sloan', 3, 14, 41, 11, 95, 36, 53, 48, 86, 86, 86, 6, 19, 7, 10, 36, 13, 8);
insert into aliados (id, apelido, tipo, PV, nivel, DF, DM, DN, DD, AF, AM, AN, AD, ataque1, ataque2, ataque3, ataque4, ataque5, ataque6, mochila) values (9, 'Tibold', 8, 7, 34, 99, 56, 51, 12, 54, 78, 71, 75, 33, 45, 6, 7, 8, 20, 9);
insert into aliados (id, apelido, tipo, PV, nivel, DF, DM, DN, DD, AF, AM, AN, AD, ataque1, ataque2, ataque3, ataque4, ataque5, ataque6, mochila) values (10, 'Clara', 8, 47, 13, 96, 84, 93, 32, 39, 4, 99, 18, 3, 42, 50, 23, 17, 21, 10);
insert into aliados (id, apelido, tipo, PV, nivel, DF, DM, DN, DD, AF, AM, AN, AD, ataque1, ataque2, ataque3, ataque4, ataque5, ataque6, mochila) values (11, 'Homerus', 6, 59, 25, 76, 18, 25, 93, 75, 37, 59, 35, 16, 38, 5, 11, 34, 37, 11);
insert into aliados (id, apelido, tipo, PV, nivel, DF, DM, DN, DD, AF, AM, AN, AD, ataque1, ataque2, ataque3, ataque4, ataque5, ataque6, mochila) values (12, 'Loren', 6, 41, 2, 61, 1, 73, 45, 77, 6, 90, 33, 28, 42, 47, 42, 5, 1, 12);

-- usuarios --
insert into usuario (id, email, nome, aliado1, aliado2, aliado3, aliado4, aliado5) values (1, 'paulo@paulo.com', 'qualserá', 1, 2, 3, 4, 5);
insert into usuario (id, email, nome, aliado1, aliado2, aliado3, aliado4, aliado5) values (2, 'ola@oi.com', 'Harmonie', 10, 9, 8, 12, 5);
insert into usuario (id, email, nome, aliado1, aliado2, aliado3, aliado4, aliado5) values (3, 'futamaniac@john.com', 'Petronella', 9, 2, 6, 7, 11);
insert into usuario (id, email, nome, aliado1, aliado2, aliado3, aliado4, aliado5) values (4, 'cu@buceta.com', 'Deanna', 11, 12, 11, 6, 4);